{
  "timeZone": "Asia/Kolkata",
  "exceptionLogging": "STACKDRIVER",
  "runtimeVersion": "V8",
  "dependencies": {
    "libraries": [
      {
        "userSymbol": "Tamotsu",
        "libraryId": "1OiJIgWlrg_DFHFYX_SoaEzhFJPCmwbbfEHEqYEfLEEhKRloTNVJ-3U4s",
        "version": "32"
      }
    ],
    "enabledAdvancedServices": [
      {
        "userSymbol": "Calendar",
        "version": "v3",
        "serviceId": "calendar"
      }
    ]
  },
  "webapp": {
    "executeAs": "USER_DEPLOYING",
    "access": "ANYONE_ANONYMOUS"
  }
}
